Open,Low,High,Close,Volume,Year,Month,Day,Weekday
BTC-USD,BTC-USD,BTC-USD,BTC-USD,BTC-USD,,,,
14978.2001953125,14844.5,15572.7998046875,15201.0,16871900160,1396,10,13,5
17527.30078125,16087.7001953125,17579.599609375,16477.599609375,15866000384,1396,10,17,2
14588.5,13691.2001953125,14973.2998046875,14973.2998046875,18500800512,1396,10,20,5
14370.7998046875,13268.0,14511.7998046875,13772.0,11084099584,1396,10,24,2
11431.099609375,9402.2900390625,11678.0,11188.599609375,18830600192,1396,10,27,5
12889.2001953125,11288.2001953125,12895.900390625,11600.099609375,9935179776,1396,11,1,2
10903.400390625,10639.7998046875,11501.400390625,11359.400390625,9940989952,1396,11,4,5
11475.2998046875,11475.2998046875,12040.2998046875,11786.2998046875,8350360064,1396,11,8,2
10108.2001953125,9777.419921875,10381.599609375,10221.099609375,8041160192,1396,11,11,5
9175.7001953125,8031.22021484375,9334.8701171875,8277.009765625,7073549824,1396,11,15,2
7755.490234375,7236.7900390625,8509.1103515625,7621.2998046875,9169280000,1396,11,18,5
8616.1298828125,7931.10009765625,8616.1298828125,8129.97021484375,6122189824,1396,11,22,2
8599.919921875,8599.919921875,9518.5400390625,9494.6298828125,7909819904,1396,11,25,5
11123.400390625,10326.0,11349.7998046875,10551.7998046875,8744009728,1396,11,29,2
11372.2001953125,10479.099609375,11418.5,10690.400390625,9405339648,1396,12,2,5
9796.419921875,9407.0595703125,9923.2197265625,9664.73046875,5706939904,1396,12,6,2
10687.2001953125,10393.099609375,11089.7998046875,10397.900390625,6936189952,1396,12,9,5
11497.400390625,11136.099609375,11512.599609375,11512.599609375,6084149760,1396,12,13,2
10803.900390625,9692.1201171875,10929.5,9965.5703125,8797910016,1396,12,16,5
8852.7802734375,8607.1201171875,9711.8896484375,9578.6298828125,6296370176,1396,12,20,2
9214.650390625,8068.58984375,9355.849609375,8269.8095703125,6438230016,1396,12,23,5
7890.52001953125,7397.990234375,8245.509765625,8223.6796875,6639190016,1396,12,27,2
8937.48046875,8846.330078125,9177.3701171875,8929.2802734375,6043129856,1397,1,1,5
8612.8095703125,8449.099609375,8682.009765625,8495.7802734375,4569880064,1397,1,5,2
7836.830078125,7809.169921875,8122.89013671875,7954.47998046875,4935289856,1397,1,8,5
7003.06005859375,6526.8701171875,7060.9501953125,6844.22998046875,4532100096,1397,1,12,2
7456.41015625,6803.8798828125,7469.8798828125,6853.83984375,4936000000,1397,1,15,5
6919.97998046875,6919.97998046875,7111.56005859375,7023.52001953125,3652499968,1397,1,19,2
6843.47021484375,6817.58984375,6968.31982421875,6968.31982421875,4641889792,1397,1,22,5
7999.330078125,7999.330078125,8338.419921875,8329.1103515625,5244480000,1397,1,26,2
7944.43017578125,7886.009765625,8197.7998046875,8163.419921875,6529909760,1397,1,29,5
8925.0595703125,8779.6103515625,9001.6396484375,8802.4599609375,6629899776,1397,2,2,2
9701.0302734375,8799.83984375,9745.3203125,8845.740234375,11083100160,1397,2,5,5
9346.41015625,9193.7099609375,9531.490234375,9419.080078125,8853000192,1397,2,9,2
9104.599609375,9015.1396484375,9256.51953125,9235.919921875,7558159872,1397,2,12,5
9845.3095703125,9465.25,9940.1396484375,9654.7998046875,7222280192,1397,2,16,2
9223.73046875,9031.6201171875,9374.759765625,9325.1796875,7226890240,1397,2,19,5
8515.490234375,8395.1201171875,8773.5498046875,8723.9404296875,5866379776,1397,2,23,2
8504.41015625,8175.490234375,8508.4296875,8368.830078125,6760220160,1397,2,26,5
8246.990234375,8205.240234375,8562.41015625,8513.25,5191059968,1397,2,30,2
8037.080078125,7507.8798828125,8054.66015625,7557.81982421875,6491120128,1397,3,2,5
7362.080078125,7270.9599609375,7381.740234375,7368.22021484375,4056519936,1397,3,6,2
7469.72998046875,7313.60009765625,7573.77001953125,7406.52001953125,4922540032,1397,3,9,5
7632.08984375,7613.0400390625,7754.89013671875,7720.25,4851760128,1397,3,13,2
7625.97021484375,7502.009765625,7680.43017578125,7653.97998046875,4692259840,1397,3,16,5
7499.5498046875,6709.06982421875,7499.5498046875,6786.02001953125,5804839936,1397,3,20,2
6596.8798828125,6285.6298828125,6631.66015625,6349.89990234375,5052349952,1397,3,23,5
6545.52978515625,6499.27001953125,6589.10986328125,6499.27001953125,3104019968,1397,3,27,2
6770.759765625,6611.8798828125,6821.56005859375,6776.5498046875,3888640000,1397,3,30,5
6164.27978515625,5826.41015625,6223.77978515625,6173.22998046875,4566909952,1397,4,3,2
6084.39990234375,6052.85009765625,6180.0,6157.1298828125,3296219904,1397,4,6,5
6411.68017578125,6289.2900390625,6432.85009765625,6385.81982421875,4788259840,1397,4,10,2
6550.8701171875,6450.4599609375,6771.919921875,6597.5498046875,4176689920,1397,4,13,5
6857.7998046875,6747.97998046875,6885.91015625,6773.8798828125,3386210048,1397,4,17,2
6330.77001953125,6330.47021484375,6444.9599609375,6394.7099609375,3644859904,1397,4,20,5
6272.7001953125,6256.509765625,6403.4599609375,6359.64013671875,3285459968,1397,4,24,2
7315.31982421875,7280.47021484375,7534.990234375,7370.77978515625,6103410176,1397,4,27,5
7417.7998046875,7383.81982421875,7537.9501953125,7418.490234375,3695460096,1397,4,31,2
8379.66015625,8086.35986328125,8416.8701171875,8181.39013671875,5845400064,1397,5,3,5
8205.8203125,8141.18017578125,8272.259765625,8218.4599609375,4107190016,1397,5,7,2
7769.0400390625,7504.9501953125,7769.0400390625,7624.91015625,4797620000,1397,5,10,5
7031.080078125,6940.7001953125,7102.77001953125,7068.47998046875,3679110000,1397,5,14,2
6746.85009765625,6226.22021484375,6746.85009765625,6305.7998046875,5064430000,1397,5,17,5
6283.64990234375,6237.5,6409.85009765625,6322.68994140625,5665250000,1397,5,21,2
6221.419921875,6221.419921875,6588.490234375,6308.52001953125,4895450000,1397,5,24,5
6422.56982421875,6361.5498046875,6537.97998046875,6506.06982421875,3311170000,1397,5,28,2
6486.25,6310.10986328125,6816.7900390625,6376.7099609375,4668110000,1397,5,31,5
6754.64013671875,6620.75,6774.75,6707.259765625,3295500000,1397,6,4,2
7091.7099609375,6970.81982421875,7113.2998046875,7047.16015625,4145880000,1397,6,7,5
7189.580078125,7132.16015625,7306.31005859375,7272.72021484375,4329540000,1397,6,11,2
7361.4599609375,6792.830078125,7388.43017578125,6792.830078125,5800460000,1397,6,14,5
6223.3798828125,6201.22021484375,6446.259765625,6300.85986328125,3671890000,1397,6,18,2
6317.009765625,6265.08984375,6363.8701171875,6351.7998046875,4064230000,1397,6,21,5
6536.68017578125,6460.10009765625,6544.330078125,6517.18017578125,3273730000,1397,6,25,2
6371.85009765625,6208.33984375,6448.4599609375,6398.5400390625,4431340000,1397,6,28,5
6715.31982421875,6679.419921875,6766.14990234375,6710.6298828125,4197500000,1397,7,1,2
6452.7900390625,6397.89013671875,6585.91015625,6495.0,4437300000,1397,7,4,5
6604.7099609375,6566.5400390625,6643.77978515625,6625.56005859375,4002280000,1397,7,8,2
6553.85986328125,6454.02978515625,6571.4599609375,6502.58984375,3887310000,1397,7,11,5
6590.68017578125,6557.0400390625,6641.490234375,6602.9501953125,3306630000,1397,7,15,2
6640.2900390625,6538.9599609375,6640.2900390625,6585.52978515625,3787650000,1397,7,18,5
6288.490234375,6280.14990234375,6363.2099609375,6290.93017578125,3085320000,1397,7,22,2
6590.52001953125,6517.4501953125,6601.2099609375,6544.43017578125,4088420000,1397,7,25,5
6490.08984375,6476.0,6556.3798828125,6482.35009765625,3253610000,1397,7,29,2
6478.89013671875,6468.85986328125,6521.990234375,6495.83984375,3424670000,1397,8,2,5
6482.66015625,6447.91015625,6502.27978515625,6486.39013671875,3445190000,1397,8,6,2
6336.990234375,6316.8798828125,6349.16015625,6317.60986328125,4191240000,1397,8,9,5
6365.47021484375,6294.56982421875,6388.6298828125,6376.1298828125,4390020000,1397,8,13,2
6468.5,6468.31005859375,6552.16015625,6530.14013671875,4941260000,1397,8,16,5
6413.6298828125,6350.169921875,6423.25,6411.27001953125,3939060000,1397,8,20,2
6351.240234375,5544.08984375,6371.5498046875,5738.35009765625,7398940000,1397,8,23,5
5559.740234375,5559.740234375,5653.60986328125,5623.5400390625,4159680000,1397,8,27,2
4465.5400390625,4343.97998046875,4675.72998046875,4602.169921875,6120120000,1397,8,30,5
3880.780029296875,3585.06005859375,4120.8701171875,4009.969970703125,6825640000,1397,9,4,2
3822.469970703125,3822.469970703125,4385.89990234375,4257.419921875,7280280000,1397,9,7,5
4200.7333984375,4110.978515625,4301.51953125,4139.8779296875,5262697895,1397,9,11,2
3958.894775390625,3753.994873046875,3969.535888671875,3753.994873046875,5302481574,1397,9,14,5
3473.2275390625,3469.09423828125,3685.3056640625,3614.234375,4947372847,1397,9,18,2
3421.458251953125,3413.4814453125,3534.228515625,3486.9501953125,4139364829,1397,9,21,5
3236.274658203125,3233.81982421875,3305.753173828125,3252.839111328125,3744248994,1397,9,25,2
3706.824951171875,3687.22998046875,3949.322998046875,3745.95068359375,6810689119,1397,9,28,5
4020.99462890625,3976.40576171875,4085.7236328125,3998.980224609375,6151275490,1397,10,2,2
3819.666748046875,3769.86376953125,3893.359619140625,3857.297607421875,5326547918,1397,10,5,5
3822.384765625,3797.21923828125,3901.908935546875,3865.95263671875,4770578575,1397,10,9,2
3849.21630859375,3817.409423828125,3947.981201171875,3943.409423828125,5244856836,1397,10,12,5
3836.51904296875,3826.51318359375,4093.29736328125,4076.632568359375,5597027440,1397,10,16,2
4031.552001953125,4022.662841796875,4068.403564453125,4035.29638671875,5115905225,1397,10,19,5
3658.8681640625,3544.92724609375,3674.760009765625,3552.953125,4681302466,1397,10,23,2
3631.509765625,3624.67333984375,3685.777099609375,3655.0068359375,5394457145,1397,10,26,5
3725.446044921875,3583.01953125,3743.387939453125,3601.013671875,5582489560,1397,10,30,2
3605.55712890625,3565.31396484375,3623.06787109375,3585.123046875,5433755649,1397,11,3,5
3604.687255859375,3567.245849609375,3612.67138671875,3583.9658203125,5570752966,1397,11,7,2
3443.89697265625,3429.387939453125,3495.1748046875,3486.181640625,5955112627,1397,11,10,5
3516.1396484375,3447.92431640625,3521.38818359375,3464.013427734375,5043937584,1397,11,14,2
3469.091796875,3398.5654296875,3469.091796875,3413.767822265625,5482196038,1397,11,17,5
3673.201416015625,3640.97998046875,3695.0361328125,3690.188232421875,6282256903,1397,11,21,2
3653.60400390625,3617.246337890625,3669.74658203125,3632.070556640625,6438903823,1397,11,24,5
3633.359375,3619.18212890625,3680.537353515625,3673.836181640625,7039512503,1397,11,28,2
3946.68505859375,3926.246826171875,4000.486328125,3999.820556640625,8693373948,1397,12,1,5
4145.4580078125,3793.708984375,4210.6416015625,3810.427490234375,10794227451,1397,12,5,2
3857.479736328125,3787.058837890625,3888.802490234375,3851.04736328125,8301309684,1397,12,8,5
3862.26611328125,3836.90576171875,3875.483642578125,3847.17578125,7253558152,1397,12,12,2
3897.0810546875,3871.460693359375,3919.510498046875,3903.942626953125,9175291529,1397,12,15,5
3966.17431640625,3924.381103515625,3966.17431640625,3951.599853515625,9713267607,1397,12,19,2
3913.04736328125,3891.904296875,3926.59765625,3906.71728515625,9469184841,1397,12,22,5
4047.719482421875,4006.4111328125,4054.1220703125,4025.22900390625,8221625400,1397,12,26,2
4070.7939453125,4031.11083984375,4089.4619140625,4087.476318359375,10175916388,1397,12,29,5
4035.16357421875,4006.19287109375,4040.69970703125,4022.168212890625,9144851065,1398,1,4,2
3984.244873046875,3977.810546875,4087.066162109375,4087.066162109375,10897131934,1398,1,7,5
4105.4560546875,4094.100830078125,4113.0234375,4105.404296875,9045122443,1398,1,11,2
4879.9580078125,4876.62109375,5307.00341796875,4973.02197265625,22899891582,1398,1,14,5
5062.7939453125,5050.412109375,5235.1865234375,5198.89697265625,16655416140,1398,1,18,2
5204.10546875,5193.38232421875,5421.6513671875,5324.5517578125,15504590933,1398,1,21,5
5095.7587890625,5053.568359375,5184.01611328125,5167.72216796875,10391952498,1398,1,25,2
5236.13525390625,5219.20556640625,5274.275390625,5251.93798828125,12438480677,1398,1,28,5
5335.87890625,5257.33935546875,5359.9248046875,5314.53125,13731844223,1398,2,1,2
5571.50830078125,5418.26318359375,5642.04443359375,5464.86669921875,17048033399,1398,2,4,5
5271.74658203125,5255.68359375,5326.23193359375,5285.13916015625,12819992056,1398,2,8,2
5350.91455078125,5347.64599609375,5418.00390625,5402.697265625,13679528236,1398,2,11,5
5831.068359375,5708.03515625,5833.86279296875,5795.70849609375,14808830723,1398,2,15,2
5849.4814453125,5794.7158203125,5989.98095703125,5982.45751953125,15320605300,1398,2,18,5
7203.50732421875,6815.77099609375,7503.8720703125,6972.37158203125,27773333680,1398,2,22,2
7989.37451171875,7899.10693359375,8216.423828125,8205.16796875,28344112920,1398,2,25,5
7267.962890625,7267.962890625,8261.94140625,8197.689453125,25902422040,1398,2,29,2
7956.2919921875,7615.9873046875,7997.6123046875,7680.06640625,24719473175,1398,3,1,5
8055.2060546875,7924.67041015625,8687.5205078125,8673.2158203125,26677970091,1398,3,5,2
8718.591796875,8482.728515625,8755.8525390625,8659.4873046875,23473479966,1398,3,8,5
8565.4736328125,8561.2353515625,8809.3037109375,8742.9580078125,20266216022,1398,3,12,2
7704.34326171875,7668.66845703125,7901.84912109375,7824.2314453125,21760923463,1398,3,15,5
7949.6748046875,7583.2197265625,7975.97412109375,7688.0771484375,16610726547,1398,3,19,2
7925.43408203125,7862.35986328125,8196.6484375,8145.857421875,19034432883,1398,3,22,5
8841.4404296875,8814.556640625,9335.8671875,8994.48828125,23348550311,1398,3,26,2
9078.7275390625,9070.3955078125,9299.62109375,9273.521484375,15546809946,1398,3,29,5
10696.69140625,10556.095703125,11246.14453125,10855.37109375,20998326502,1398,4,2,2
11778.5810546875,11755.59765625,13796.4892578125,13016.2314453125,45105733173,1398,4,5,5
11931.9912109375,10799.0087890625,12178.3837890625,10817.1552734375,27256473494,1398,4,9,2
10818.15625,10818.15625,11968.078125,11961.26953125,30796494294,1398,4,12,5
11217.6162109375,11148.8046875,11541.6201171875,11450.8466796875,19369044277,1398,4,16,2
12571.537109375,11710.978515625,13129.529296875,12156.5126953125,33627574244,1398,4,19,5
11381.0205078125,10234.576171875,11451.2041015625,10256.05859375,22486000001,1398,4,23,2
9471.2138671875,9163.134765625,9963.134765625,9693.802734375,24569921549,1398,4,26,5
10777.529296875,10389.599609375,10841.8876953125,10599.10546875,17130580467,1398,4,30,2
9887.73046875,9614.306640625,9908.796875,9811.92578125,17398734322,1398,5,2,5
9491.626953125,9252.296875,9575.544921875,9552.8603515625,13738687093,1398,5,6,2
9604.05078125,9598.09765625,10085.6279296875,10085.6279296875,16631520648,1398,5,9,5
10821.6328125,10620.2783203125,11009.20703125,10970.1845703125,16530894787,1398,5,13,2
11476.193359375,11433.701171875,12036.990234375,11941.96875,22194988641,1398,5,16,5
11349.740234375,11248.294921875,11523.5791015625,11523.5791015625,15774371518,1398,5,20,2
10889.4873046875,10028.1357421875,10889.556640625,10051.7041015625,19990838300,1398,5,23,5
10233.005859375,10119.0947265625,10487.0703125,10345.810546875,12999813869,1398,5,27,2
10764.572265625,9962.7216796875,10798.7294921875,10138.0498046875,19473084768,1398,5,30,5
10160.7373046875,10008.7890625,10304.6220703125,10138.517578125,14153856610,1398,6,3,2
10203.4267578125,9716.65625,10279.3662109375,9754.4228515625,17603790323,1398,6,6,5
9630.5927734375,9582.9443359375,9796.755859375,9757.970703125,11445355859,1398,6,10,2
10621.1806640625,10434.7099609375,10762.64453125,10594.4931640625,16742664769,1398,6,13,5
10518.1142578125,10409.0908203125,10595.6376953125,10441.2763671875,13670567493,1398,6,17,2
10123.03515625,9980.7763671875,10215.9482421875,10178.3720703125,15428063426,1398,6,20,5
10356.4658203125,10313.0927734375,10387.03515625,10347.712890625,12043433567,1398,6,24,2
10247.7958984375,10191.4697265625,10275.9287109375,10198.248046875,16169268880,1398,6,27,5
10024.115234375,9922.533203125,10074.4443359375,10070.392578125,13199651698,1398,6,31,2
8603.4287109375,8325.396484375,8744.828125,8486.9931640625,21744728353,1398,7,3,5
8246.037109375,7990.4970703125,8261.70703125,8104.185546875,13034629109,1398,7,7,2
8344.212890625,8227.6953125,8393.0419921875,8393.0419921875,13125712443,1398,7,10,5
8149.876953125,7958.8505859375,8161.41015625,7988.15576171875,13160830305,1398,7,14,2
8229.8408203125,8169.298828125,8627.7060546875,8595.740234375,19384942333,1398,7,17,5
8336.90234375,8276.6123046875,8470.98828125,8321.005859375,13808286059,1398,7,21,2
8204.6748046875,7985.08984375,8216.8125,8047.52685546875,16071646996,1398,7,24,5
7997.80712890625,7949.439453125,8281.818359375,8222.078125,15504249442,1398,7,28,2
8076.228515625,7469.32275390625,8092.99951171875,7514.671875,21942878958,1398,8,1,5
9241.70703125,9112.5419921875,9749.529296875,9551.71484375,32593129501,1398,8,5,2
9422.462890625,9085.3701171875,9426.8740234375,9205.7265625,27706531577,1398,8,8,5
9324.787109375,9141.251953125,9379.806640625,9235.3544921875,21132220847,1398,8,12,2
9340.8642578125,9305.9091796875,9423.2373046875,9360.8798828125,23133895765,1398,8,15,5
8812.4892578125,8806.162109375,9103.826171875,9055.5263671875,20587919881,1398,8,19,2
8812.033203125,8761.6513671875,8836.841796875,8808.2626953125,17545755405,1398,8,22,5
8549.470703125,8500.9677734375,8727.7890625,8577.9755859375,18668638897,1398,8,26,2
8203.61328125,8010.51171875,8237.240234375,8027.26806640625,20764300437,1398,8,29,5
7398.6337890625,7029.2890625,7408.5771484375,7047.9169921875,30433517289,1398,9,3,2
7220.880859375,6974.17431640625,7619.693359375,7531.66357421875,23991412764,1398,9,6,5
7571.6162109375,7291.341796875,7571.6162109375,7424.29248046875,18720708479,1398,9,10,2
7320.125,7170.9228515625,7539.78466796875,7252.03466796875,21664240918,1398,9,13,5
7551.3388671875,7476.09130859375,7634.6064453125,7564.34521484375,15409908086,1398,9,17,2
7277.19775390625,7195.52734375,7324.15625,7217.42724609375,16350490689,1398,9,20,5
7124.23974609375,6924.3759765625,7181.07568359375,7152.3017578125,16881129804,1398,9,24,2
6647.6982421875,6540.04931640625,7324.98486328125,7276.802734375,31836522778,1398,9,27,5
7191.1884765625,7167.17919921875,7518.033203125,7511.5888671875,23134537956,1398,10,1,2
7325.755859375,7220.9912109375,7357.02001953125,7275.15576171875,21559505149,1398,10,4,5
7317.6474609375,7279.865234375,7513.9482421875,7422.65283203125,22445257702,1398,10,8,2
7194.89208984375,7174.9443359375,7254.33056640625,7200.17431640625,18565664997,1398,10,11,5
7410.45166015625,7400.53564453125,7544.4970703125,7411.3173828125,19725074095,1398,10,15,2
8161.935546875,7956.7744140625,8396.73828125,8079.86279296875,31672559265,1398,10,18,5
8033.26171875,8009.05908203125,8200.0634765625,8192.494140625,22903438381,1398,10,22,2
8825.34375,8657.1875,8890.1171875,8807.0107421875,40102834650,1398,10,25,5
8941.4453125,8620.080078125,9164.3623046875,8706.2451171875,34217320471,1398,10,29,2
8744.2109375,8636.7470703125,8792.994140625,8680.8759765625,22600204051,1398,11,2,5
8364.41015625,8325.498046875,8602.4013671875,8596.830078125,22177678796,1398,11,6,2
9357.470703125,9269.4677734375,9406.431640625,9316.6298828125,30682598115,1398,11,9,5
9389.8203125,9217.82421875,9468.7978515625,9344.365234375,30835736946,1398,11,13,2
9183.416015625,9163.7041015625,9701.2998046875,9613.423828125,35222060874,1398,11,16,5
9863.89453125,9850.392578125,10129.435546875,10116.673828125,35807884663,1398,11,20,2
10202.3876953125,10202.3876953125,10393.611328125,10326.0546875,43444303830,1398,11,23,5
9889.1796875,9722.38671875,10053.96875,9934.43359375,43374780305,1398,11,27,2
10143.798828125,9611.2236328125,10191.67578125,9633.38671875,46992019710,1398,11,30,5
9663.318359375,9657.791015625,9937.404296875,9924.515625,41185185761,1398,12,4,2
9338.2900390625,8704.4267578125,9354.7783203125,8820.5224609375,50420050762,1398,12,7,5
8599.7587890625,8471.212890625,8726.796875,8562.4541015625,35349164300,1398,12,11,2
8788.5419921875,8712.431640625,8843.3662109375,8755.24609375,34746706368,1398,12,14,5
8908.2060546875,8105.2529296875,8914.34375,8108.1162109375,39973102121,1398,12,18,2
7910.08984375,7642.8125,7950.814453125,7911.43017578125,38682762605,1398,12,21,5
5201.06689453125,5169.283203125,5836.64501953125,5392.31494140625,33997889639,1398,12,25,2
5227.11376953125,5069.3359375,5331.833984375,5238.4384765625,37878801016,1398,12,28,5
6185.55810546875,5823.7138671875,6359.697265625,5830.2548828125,40099664740,1399,1,3,2
6738.716796875,6536.92626953125,6892.51123046875,6681.06298828125,44590107888,1399,1,6,5
6245.62451171875,5920.0859375,6250.46728515625,5922.04296875,28373690931,1399,1,10,2
6437.3193359375,6202.37353515625,6612.57373046875,6606.7763671875,40346426266,1399,1,13,5
6862.53759765625,6715.92919921875,6883.4140625,6791.12939453125,29510409856,1399,1,17,2
7179.283203125,7153.3056640625,7356.2236328125,7334.0986328125,37563249549,1399,1,20,5
6858.06787109375,6811.078125,7119.947265625,6971.091796875,35759567632,1399,1,24,2
6845.5615234375,6633.40283203125,6928.66455078125,6642.10986328125,32288311031,1399,1,27,5
7260.92236328125,7167.0546875,7280.52197265625,7189.4248046875,31311210215,1399,1,31,2
6879.4404296875,6867.78173828125,7145.86572265625,7117.20751953125,33249153866,1399,2,3,5
7570.13916015625,7561.40771484375,7700.59423828125,7679.8671875,33070154491,1399,2,7,2
7806.71240234375,7786.04931640625,8871.75390625,8801.0380859375,60201052203,1399,2,10,5
8983.6142578125,8830.9716796875,9167.78125,8897.46875,47101785174,1399,2,14,2
9007.44140625,8966.7060546875,9411.4677734375,9268.76171875,49371886931,1399,2,17,5
9591.1689453125,8395.107421875,9595.5810546875,8756.4306640625,63325279337,1399,2,21,2
8805.3876953125,8805.3876953125,9317.87890625,9269.9873046875,45558144023,1399,2,24,5
9374.9296875,9349.5458984375,9823.001953125,9670.7392578125,40084250663,1399,2,28,2
9725.3291015625,9447.201171875,9804.7939453125,9522.9814453125,36546239703,1399,2,31,5
9212.283203125,8787.2509765625,9288.404296875,8790.3681640625,32518803300,1399,3,4,2
8837.380859375,8834.1572265625,9203.3203125,9181.017578125,32740536902,1399,3,7,5
9700.10546875,9432.296875,9700.34375,9461.05859375,27773290299,1399,3,11,2
9533.7607421875,9471.8466796875,9682.859375,9656.7177734375,25007459262,1399,3,14,5
9653.0029296875,9458.150390625,9768.498046875,9758.8525390625,25015250846,1399,3,18,2
9794.119140625,9728.291015625,9908.896484375,9870.0947265625,25706567601,1399,3,21,5
9477.5537109375,9347.59375,9482.2705078125,9386.7880859375,18991732746,1399,3,25,2
9533.7841796875,9327.33984375,9540.4228515625,9480.2548828125,20177709879,1399,3,28,5
9330.9267578125,9300.4306640625,9401.107421875,9303.6298828125,15324301169,1399,4,1,2
9632.1494140625,9278.2333984375,9680.3671875,9313.6103515625,18961716076,1399,4,4,5
9048.4609375,8975.525390625,9197.546875,9143.58203125,14560870760,1399,4,8,2
9145.9853515625,9104.7353515625,9309.7548828125,9228.3251953125,15971550355,1399,4,11,5
9126.0908203125,8977.015625,9162.18359375,9073.9423828125,12903406143,1399,4,15,2
9253.0205078125,9249.5,9450.3359375,9428.3330078125,19702359883,1399,4,18,5
9241.0546875,9197.4501953125,9319.4189453125,9276.5,14452361907,1399,4,22,2
9241.8974609375,9171.93359375,9275.3251953125,9192.8369140625,15844731575,1399,4,25,5
9158.005859375,9097.6328125,9201.3984375,9185.8173828125,12939002784,1399,4,29,2
9375.080078125,9319.6533203125,9530.5185546875,9525.36328125,16532254884,1399,5,1,5
9680.234375,9652.84765625,10023.8076171875,9905.1669921875,20507998997,1399,5,5,2
10912.953125,10856.1416015625,11304.3974609375,11100.4677734375,24617249715,1399,5,8,5
11758.7646484375,11018.1298828125,12034.14453125,11053.6142578125,27410067336,1399,5,12,2
11203.8232421875,11158.28515625,11786.6171875,11747.0224609375,24411254471,1399,5,15,5
11737.3251953125,11548.7841796875,11806.056640625,11675.7392578125,17489608833,1399,5,19,2
11404.5966796875,11249.60546875,11748.396484375,11584.9345703125,25064548486,1399,5,22,5
11866.685546875,11737.1884765625,11934.9013671875,11892.8037109375,20583375490,1399,5,26,2
11990.884765625,11687.3330078125,12028.923828125,11758.283203125,24502851117,1399,5,29,5
11679.6962890625,11559.9208984375,11713.4296875,11664.84765625,18482062658,1399,6,2,2
11366.89453125,11296.9931640625,11530.052734375,11488.36328125,22466660958,1399,6,5,5
11508.7138671875,11492.3818359375,11715.2646484375,11711.505859375,19760127945,1399,6,9,2
11964.8232421875,11290.7939453125,11964.8232421875,11414.0341796875,28037405299,1399,6,12,5
10167.216796875,10056.8857421875,10353.927734375,10280.3515625,37071460174,1399,6,16,2
10134.1513671875,10017.2509765625,10350.54296875,10242.34765625,24128292755,1399,6,19,5
10452.3994140625,10224.330078125,10577.21484375,10323.755859375,36506852789,1399,6,23,2
10797.76171875,10704.884765625,11100.1240234375,10974.9052734375,30769986455,1399,6,26,5
11095.8701171875,10814.4775390625,11095.8701171875,10938.271484375,24699523788,1399,6,30,2
10535.4921875,10197.865234375,10537.828125,10246.1865234375,23788661867,1399,7,2,5
10746.892578125,10622.921875,10803.9765625,10775.26953125,53745972818,1399,7,6,2
10843.87109375,10669.3212890625,10847.2568359375,10784.4912109375,44171073700,1399,7,9,5
10550.4404296875,10534.3916015625,10686.0,10669.5830078125,71251776995,1399,7,13,2
10603.35546875,10562.5068359375,10680.5078125,10668.96875,37799458436,1399,7,16,5
11296.08203125,11288.6279296875,11428.8134765625,11384.181640625,19968627060,1399,7,20,2
11429.0478515625,11307.8310546875,11539.9775390625,11429.5068359375,24103426719,1399,7,23,5
11355.982421875,11347.578125,11483.359375,11483.359375,18283314340,1399,7,27,2
11913.0771484375,11900.9287109375,13184.56640625,12823.689453125,43414712626,1399,7,30,5
13108.0634765625,12910.0615234375,13329.18359375,13031.173828125,24406920575,1399,8,4,2
13654.21484375,12932.2509765625,13837.6953125,13271.28515625,35867318895,1399,8,7,5
13780.9951171875,13628.3779296875,13862.033203125,13737.109375,24453857900,1399,8,11,2
13950.48828125,13580.4716796875,14218.7666015625,14133.70703125,35116364962,1399,8,14,5
14833.75390625,14744.1103515625,15637.3203125,15479.5673828125,26632075029,1399,8,18,2
15290.9091796875,15290.0068359375,15916.2607421875,15701.33984375,29772374934,1399,8,21,5
16068.1396484375,15793.5341796875,16123.1103515625,15955.587890625,23653867583,1399,8,25,2
17645.19140625,17352.90625,18393.94921875,17804.005859375,49064800278,1399,8,28,5
18642.232421875,17671.384765625,18688.96875,18370.001953125,41280434226,1399,9,2,2
19104.41015625,18581.146484375,19390.96484375,18732.12109375,43710357371,1399,9,5,5
17719.634765625,17559.1171875,18283.62890625,18177.484375,31133957704,1399,9,9,2
18801.744140625,18347.71875,19308.330078125,19201.091796875,37387697139,1399,9,12,5
19154.1796875,18897.89453125,19390.5,19345.12109375,25293775714,1399,9,16,2
18320.884765625,17935.546875,18626.29296875,18553.916015625,34420373071,1399,9,19,5
18806.765625,18734.33203125,19381.53515625,19142.3828125,25450468637,1399,9,23,2
19418.818359375,19298.31640625,21458.908203125,21310.59765625,44409011479,1399,9,26,5
23861.765625,23147.7109375,24209.66015625,23477.294921875,37844228422,1399,9,30,2
23781.974609375,22802.646484375,24024.490234375,23241.345703125,51146161904,1399,10,3,5
26439.373046875,25922.76953125,28288.83984375,26272.294921875,66479895605,1399,10,7,2
27360.08984375,27360.08984375,28937.740234375,28840.953125,51287442704,1399,10,10,5
32129.408203125,32052.31640625,34608.55859375,32782.0234375,78665235202,1399,10,14,2
34013.61328125,33514.03515625,36879.69921875,36824.36328125,75289433811,1399,10,17,5
40254.21875,35984.62890625,41420.19140625,38356.44140625,79980747690,1399,10,21,2
33915.12109375,32584.66796875,37599.9609375,37316.359375,69364315979,1399,10,24,5
36163.6484375,34069.3203125,36722.3515625,35791.27734375,52359854336,1399,10,28,2
36050.11328125,33570.4765625,36378.328125,35547.75,66834573161,1399,11,1,5
32064.376953125,31106.685546875,32944.0078125,32289.37890625,48643830599,1399,11,5,2
32564.029296875,29367.138671875,32564.029296875,30432.546875,62576762015,1399,11,8,5
34270.87890625,32270.17578125,34288.33203125,33114.359375,52754542671,1399,11,12,2
35510.8203125,35443.984375,37480.1875,37472.08984375,61166818159,1399,11,15,5
39250.19140625,37446.15234375,39621.8359375,38903.44140625,65500641143,1399,11,19,2
46469.76171875,43881.15234375,47145.56640625,44918.18359375,87301089896,1399,11,22,5
47114.5078125,47114.5078125,49487.640625,48717.2890625,71248675228,1399,11,26,2
49207.27734375,49072.37890625,52533.9140625,52149.0078125,80820545404,1399,11,29,5
56068.56640625,55672.609375,58330.5703125,57539.9453125,51897585191,1399,12,3,2
48835.0859375,47213.5,51290.13671875,49705.33203125,63695521388,1399,12,6,5
46194.015625,43241.6171875,46716.4296875,45137.76953125,53443887451,1399,12,10,2
48415.81640625,48274.3203125,52535.13671875,50538.2421875,53220811975,1399,12,13,5
48918.6796875,48918.6796875,51384.3671875,51206.69140625,43137459378,1399,12,17,2
54824.01171875,53290.890625,57258.25390625,56008.55078125,57295577614,1399,12,20,5
61221.1328125,59302.31640625,61597.91796875,59302.31640625,43901225564,1399,12,24,2
56825.828125,54528.62890625,58969.81640625,58870.89453125,60258313191,1399,12,27,5
58309.9140625,56005.6171875,58767.8984375,57523.421875,51943414539,1400,1,1,2
54710.48828125,52514.33203125,57262.3828125,52774.265625,70567223787,1400,1,4,5
55974.94140625,55071.11328125,56610.3125,55950.74609375,47686580918,1400,1,8,2
58930.27734375,57726.41796875,59930.02734375,58918.83203125,65520826225,1400,1,11,5
57604.83984375,57168.67578125,58913.74609375,58758.5546875,50749662970,1400,1,15,2
58186.5078125,55604.0234375,58731.14453125,56048.9375,75645303584,1400,1,18,5
59846.23046875,59289.796875,60790.5546875,60204.96484375,46280252580,1400,1,22,2
63523.75390625,61554.796875,64863.09765625,63109.6953125,77451779687,1400,1,25,5
60701.88671875,52829.53515625,61057.45703125,56216.18359375,97468872758,1400,1,29,2
56471.12890625,53695.46875,56757.97265625,53906.08984375,54926612466,1400,2,1,5
50052.83203125,47159.484375,50506.01953125,49004.25390625,46117114240,1400,2,5,2
55036.63671875,53887.91796875,56227.20703125,54824.703125,48000572955,1400,2,8,5
57825.86328125,56141.90625,57902.59375,56631.078125,38177405335,1400,2,12,2
53252.1640625,52969.0546875,57911.36328125,57424.0078125,69241316747,1400,2,15,5
58877.390625,56482.00390625,59210.8828125,58232.31640625,65906690347,1400,2,19,2
56714.53125,49150.53515625,57939.36328125,49150.53515625,75215403907,1400,2,22,5
46716.63671875,43963.3515625,49720.04296875,46456.05859375,64047871555,1400,2,26,2
42944.9765625,30681.49609375,43546.1171875,37002.44140625,126358098747,1400,2,29,5
37531.44921875,31227.33984375,38289.21875,34770.58203125,78469274361,1400,3,2,2
38392.625,37905.8359375,40782.078125,39294.19921875,51346735160,1400,3,5,5
34607.40625,33520.73828125,36400.66796875,35678.12890625,31646080921,1400,3,9,2
36699.921875,35966.30859375,38231.33984375,37575.1796875,33070867190,1400,3,12,5
35538.609375,35304.578125,36436.421875,35862.37890625,28913440585,1400,3,16,2
33416.9765625,32475.865234375,37537.37109375,37345.12109375,53972919008,1400,3,19,5
35555.7890625,34864.109375,39322.78125,39097.859375,40669112838,1400,3,23,2
40168.69140625,38176.03515625,40516.77734375,38347.0625,39211635100,1400,3,26,5
35563.140625,33432.07421875,36059.484375,35698.296875,36664034054,1400,3,30,2
32515.71484375,31772.6328125,34753.41015625,33723.02734375,46317108925,1400,4,2,5
32287.5234375,32071.7578125,34656.12890625,34649.64453125,35511640894,1400,4,6,2
35908.38671875,34086.15234375,36074.7578125,35040.8359375,34059036099,1400,4,9,5
34665.56640625,34396.4765625,35937.56640625,35287.78125,24924307911,1400,4,13,2
34225.6796875,33839.2890625,34997.6640625,33855.328125,24796027477,1400,4,16,5
33509.078125,33346.73828125,34584.703125,34240.1875,20108729370,1400,4,20,2
32723.845703125,31639.125,33061.3984375,32822.34765625,21376531210,1400,4,23,5
31533.884765625,31215.4921875,32398.99609375,31796.810546875,18787986667,1400,4,27,2
29796.28515625,29526.18359375,32752.326171875,32110.693359375,28203024559,1400,4,30,5
34290.29296875,33881.8359375,35364.92578125,35350.1875,20856685287,1400,5,3,2
39503.1875,38862.4375,40816.0703125,39995.90625,38702404695,1400,5,6,5
41460.84375,39540.94140625,42541.6796875,39974.89453125,26688438115,1400,5,10,2
38213.33203125,37589.1640625,39952.296875,39747.50390625,25372562724,1400,5,13,5
44574.4375,43331.91015625,45282.3515625,43798.1171875,36302664750,1400,5,17,2
45599.703125,45351.7109375,46735.6328125,45593.63671875,34319709073,1400,5,20,5
47096.66796875,45579.58984375,47357.10546875,47047.00390625,30988958446,1400,5,24,2
44686.75,44364.02734375,45952.0625,44801.1875,32194123075,1400,5,27,5
48869.10546875,48199.94140625,49471.609375,49321.65234375,25370975378,1400,5,31,2
47727.2578125,47163.61328125,49202.87890625,48960.7890625,32646349931,1400,6,3,5
48911.25,47925.85546875,49644.11328125,48829.83203125,25889650240,1400,6,7,2
47099.7734375,46562.4375,49111.08984375,48847.02734375,39139399125,1400,6,10,5
49937.859375,49538.59765625,51868.6796875,51753.41015625,30322676319,1400,6,14,2
46827.76171875,44561.39453125,47334.0546875,46091.390625,49007762488,1400,6,17,5
45206.62890625,44790.4609375,46364.87890625,46063.26953125,27881980161,1400,6,21,2
47098.0,46773.328125,48450.46875,48176.34765625,30484496466,1400,6,24,5
48268.85546875,46919.8046875,48328.3671875,47260.21875,26967722648,1400,6,28,2
40677.953125,40625.6328125,43978.62109375,43574.5078125,38139709246,1400,6,31,5
42721.62890625,40848.4609375,43919.30078125,43208.5390625,30661222077,1400,7,4,2
41064.984375,40829.66796875,42545.2578125,41564.36328125,30602359905,1400,7,7,5
47680.02734375,47157.2890625,49130.69140625,48199.953125,26638115879,1400,7,11,2
51486.6640625,50488.19140625,55568.46484375,55361.44921875,49034730168,1400,7,14,5
54952.8203125,54264.2578125,56401.3046875,54771.578125,39527792364,1400,7,18,2
56038.2578125,54370.97265625,57688.66015625,57401.09765625,41684252783,1400,7,21,5
60887.65234375,59164.46875,61645.5234375,61553.6171875,29032367511,1400,7,25,2
64284.5859375,63610.67578125,66930.390625,65992.8359375,40788955582,1400,7,28,5
61368.34375,59643.34375,61505.8046875,60930.8359375,27316183882,1400,8,2,2
60352.0,58208.1875,61435.18359375,58482.38671875,43657076893,1400,8,5,5
61850.48828125,60074.328125,62406.171875,61318.95703125,32241199927,1400,8,9,2
63254.3359375,61184.23828125,63516.9375,62970.046875,36124731509,1400,8,12,5
61554.921875,61432.48828125,63326.98828125,63326.98828125,24726754302,1400,8,16,2
66953.3359375,63208.11328125,68789.625,64995.23046875,48730828378,1400,8,19,5
64455.37109375,63647.80859375,65495.1796875,65466.83984375,25122092191,1400,8,23,2
60139.62109375,58515.41015625,60823.609375,60368.01171875,39178392930,1400,8,26,5
59730.5078125,58618.9296875,60004.42578125,58730.4765625,26123447605,1400,8,30,2
57565.8515625,55964.22265625,57803.06640625,56280.42578125,36635566789,1400,9,3,5
54813.0234375,53576.734375,57393.84375,57248.45703125,28116886357,1400,9,7,2
56907.96484375,56553.08203125,59041.68359375,57229.828125,36858195307,1400,9,10,5
49201.51953125,47857.49609375,49768.1484375,49368.84765625,37198201161,1400,9,14,2
50667.6484375,48765.98828125,51171.375,50504.796875,28479699446,1400,9,17,5
49354.85546875,48725.8515625,50724.8671875,50098.3359375,21939223599,1400,9,21,2
48379.75390625,46671.96484375,49473.95703125,48896.72265625,36541828520,1400,9,24,5
46853.8671875,46502.953125,48089.6640625,46707.015625,25154053861,1400,9,28,2
48937.09765625,48450.94140625,49544.796875,48628.51171875,24447979559,1400,10,1,5
50428.69140625,49623.10546875,51196.37890625,50809.515625,20964372926,1400,10,5,2
47623.87109375,46201.49609375,48119.7421875,46444.7109375,30049226299,1400,10,8,5
47680.92578125,46856.9375,47881.40625,47345.21875,27951569547,1400,10,12,2
45899.359375,42798.22265625,46929.046875,43569.00390625,36851084859,1400,10,15,5
41734.7265625,41338.16015625,42663.94921875,41911.6015625,21294384372,1400,10,19,2
42742.1796875,42528.98828125,44135.3671875,43949.1015625,33499938689,1400,10,22,5
43172.0390625,42691.0234375,43436.80859375,43113.87890625,17902097845,1400,10,26,2
42374.0390625,41242.9140625,42478.3046875,41744.328125,23091543258,1400,10,29,5
35047.359375,34784.96875,36433.3125,36276.8046875,26017975951,1400,11,3,2
36950.515625,36374.90625,38825.41015625,36852.12109375,31324598034,1400,11,6,5
38151.91796875,37437.7109375,38266.33984375,37917.6015625,14643548444,1400,11,10,2
38743.71484375,36832.73046875,38834.6171875,36952.984375,19155189416,1400,11,13,5
41441.12109375,41244.90625,42500.78515625,42412.43359375,16142097334,1400,11,17,2
44096.703125,43232.96875,44727.80078125,44338.796875,23245887300,1400,11,20,5
42236.56640625,41950.94140625,42693.0546875,42197.515625,14741589015,1400,11,24,2
44578.27734375,43456.69140625,44578.27734375,43961.859375,19792547657,1400,11,27,5
40118.1015625,38112.8125,40119.890625,38431.37890625,18340576452,1400,12,1,2
38285.28125,37201.81640625,39122.39453125,37296.5703125,21849073843,1400,12,4,5
39098.69921875,37268.9765625,39778.94140625,37709.78515625,23450127612,1400,12,8,2
44357.6171875,43432.8515625,45077.578125,43924.1171875,29183112630,1400,12,11,5
39404.19921875,38211.6484375,39640.17578125,38419.984375,19745229902,1400,12,15,2
38742.81640625,38706.09375,42465.671875,41982.92578125,32284121034,1400,12,18,5
38884.7265625,37728.14453125,39209.3515625,37849.6640625,17300745310,1400,12,22,2
39335.5703125,39022.34765625,41465.453125,41143.9296875,39616916192,1400,12,25,5
42191.40625,41004.7578125,42241.1640625,41247.82421875,20127946682,1400,12,29,2
42364.37890625,41877.5078125,42893.5078125,42892.95703125,25242943069,1401,1,3,5
44505.35546875,44437.29296875,46827.546875,46820.4921875,28160889722,1401,1,7,2
47456.8984375,46746.2109375,47655.1484375,47062.6640625,29333883962,1401,1,10,5
45859.12890625,45634.10546875,47313.4765625,46453.56640625,25414397610,1401,1,14,2
45544.35546875,43193.953125,45544.35546875,43206.73828125,39393395788,1401,1,17,5
42781.08984375,42021.20703125,43376.37890625,42207.671875,17654475582,1401,1,21,2
40123.5703125,39712.74609375,41430.0546875,41166.73046875,27691105228,1401,1,24,5
40417.77734375,39620.89453125,40570.7265625,39716.953125,19087633042,1401,1,28,2
41501.74609375,40961.09765625,42126.30078125,41374.37890625,27819532341,1401,1,31,5
39478.375,39233.5390625,39845.92578125,39469.29296875,17964398167,1401,2,4,2
38120.30078125,37997.3125,39397.91796875,39241.12109375,30981015184,1401,2,7,5
37713.265625,37585.7890625,38627.859375,38469.09375,27002760110,1401,2,11,2
37748.01171875,37732.05859375,39902.94921875,39698.37109375,36754404490,1401,2,14,5
35502.94140625,33878.96484375,35502.94140625,34059.265625,36763041910,1401,2,18,2
31016.18359375,28170.4140625,32013.40234375,28936.35546875,70388855818,1401,2,21,5
30098.5859375,29527.740234375,31308.19140625,31305.11328125,25835372065,1401,2,25,2
30424.478515625,28720.271484375,30618.716796875,28720.271484375,31285268319,1401,2,28,5
29432.47265625,29275.18359375,30425.861328125,30323.72265625,21631532270,1401,3,1,2
29653.134765625,29384.94921875,30157.78515625,29562.361328125,27525063551,1401,3,4,5
29019.8671875,28841.107421875,29498.009765625,29445.95703125,18093886409,1401,3,8,2
31792.5546875,29501.587890625,31957.28515625,29799.080078125,41135817341,1401,3,11,5
29835.1171875,29574.44921875,30117.744140625,29906.662109375,17264085441,1401,3,15,2
31151.48046875,29944.404296875,31253.69140625,30214.35546875,30242059107,1401,3,18,5
28373.513671875,26762.6484375,28502.685546875,26762.6484375,34163220274,1401,3,22,2
22196.73046875,20178.376953125,22642.671875,22572.83984375,54912007015,1401,3,25,5
19010.90234375,18067.15234375,20683.822265625,20553.271484375,35329942625,1401,3,29,2
20719.4140625,19848.078125,20835.75,19987.029296875,28574793478,1401,4,1,5
21496.494140625,21016.26953125,21783.724609375,21027.294921875,18027170497,1401,4,5,2
20281.169921875,19937.791015625,20364.15625,20104.0234375,23552740328,1401,4,8,5
19242.095703125,18966.951171875,19558.26953125,19297.076171875,16390821947,1401,4,12,2
20194.619140625,19823.51171875,20595.529296875,20548.24609375,24598943708,1401,4,15,5
21591.080078125,20727.123046875,21591.080078125,20860.44921875,28688807249,1401,4,19,2
19325.97265625,18999.953125,20223.052734375,20212.07421875,33042430345,1401,4,22,5
21195.041015625,20778.1796875,21600.640625,20779.34375,22927802083,1401,4,26,2
23393.19140625,23009.94921875,24196.818359375,23231.732421875,42932549127,1401,4,29,5
22465.509765625,22306.83984375,22974.001953125,22609.1640625,23565495303,1401,5,2,2
21244.169921875,21070.806640625,22986.529296875,22930.548828125,31758955233,1401,5,5,5
23652.0703125,23275.703125,24121.642578125,23336.896484375,23553591896,1401,5,9,2
22981.302734375,22747.8359375,23578.650390625,22846.5078125,26288169966,1401,5,12,5
22963.505859375,22894.556640625,23359.009765625,23175.890625,15886817043,1401,5,16,2
23162.8984375,22771.51953125,24127.4140625,23947.642578125,32837431722,1401,5,19,5
24429.056640625,24206.259765625,24974.9140625,24319.333984375,22994133555,1401,5,23,2
23881.31640625,23243.353515625,24407.05859375,23335.998046875,30931623076,1401,5,26,5
21160.392578125,21103.197265625,21668.845703125,21534.12109375,23102307723,1401,5,30,2
21526.455078125,21195.005859375,21783.076171875,21395.01953125,31962253368,1401,6,2,5
20041.03515625,19616.814453125,20139.0546875,19616.814453125,24366810591,1401,6,6,2
19799.58203125,19799.58203125,20420.990234375,20049.763671875,33225232872,1401,6,9,5
19832.470703125,19636.81640625,19999.689453125,19986.712890625,25245861652,1401,6,13,2
18837.68359375,18644.466796875,19427.171875,19290.32421875,35239757134,1401,6,16,5
21678.54296875,21406.9453125,21770.552734375,21769.255859375,34493951963,1401,6,20,2
20184.5546875,19793.396484375,20467.201171875,20241.08984375,37872380889,1401,6,23,5
20127.234375,19387.4921875,20127.234375,19419.505859375,31254779144,1401,6,27,2
18891.283203125,18290.314453125,19674.630859375,18547.400390625,46363793975,1401,6,30,5
18936.310546875,18696.46875,19134.732421875,18802.09765625,23359966112,1401,7,3,2
19104.62109375,18553.296875,19688.34375,19426.720703125,53071298734,1401,7,6,5
19311.849609375,18970.62109375,19370.30859375,19044.107421875,20765955327,1401,7,10,2
20335.900390625,19801.80078125,20343.748046875,20160.716796875,33223790572,1401,7,13,5
19417.478515625,19349.259765625,19542.5390625,19446.42578125,16837262532,1401,7,17,2
19052.646484375,19029.7578125,19203.19921875,19157.4453125,24950173846,1401,7,20,5
19068.9140625,19068.9140625,19389.603515625,19268.09375,17988916650,1401,7,24,2
19335.02734375,19127.6875,19348.416015625,19139.53515625,22425387184,1401,7,27,5
19207.734375,19124.197265625,19646.65234375,19567.0078125,22128794335,1401,8,1,2
20092.236328125,20076.1171875,20938.134765625,20770.44140625,58895950537,1401,8,4,5
20817.982421875,20547.462890625,20917.005859375,20635.603515625,31486345556,1401,8,8,2
20482.958984375,20087.134765625,20742.810546875,20159.50390625,55552169483,1401,8,11,5
21285.056640625,20920.19140625,21345.376953125,20926.486328125,35082693210,1401,8,15,2
18543.76171875,15682.6923828125,18590.458984375,15880.7802734375,102905151606,1401,8,18,5
16799.72265625,16320.634765625,16920.765625,16353.365234375,27209183682,1401,8,22,2
16884.341796875,16430.111328125,16960.294921875,16669.439453125,33925512989,1401,8,25,5
16712.919921875,16248.6923828125,16746.779296875,16291.83203125,21313378652,1401,8,29,2
16195.5888671875,16170.5029296875,16638.193359375,16610.70703125,32958875628,1401,9,2,5
16463.8828125,16437.025390625,16594.40625,16444.626953125,20443898509,1401,9,6,2
16445.4765625,16445.4765625,17190.9375,17168.56640625,29523576583,1401,9,9,5
16908.169921875,16903.439453125,17157.767578125,17130.486328125,16824520830,1401,9,13,2
17089.505859375,16750.55859375,17109.376953125,16848.126953125,19675404389,1401,9,16,5
17129.7109375,17091.8203125,17245.634765625,17104.193359375,14122486832,1401,9,20,2
17782.06640625,17739.513671875,18318.53125,17815.650390625,25534481470,1401,9,23,5
16795.609375,16697.8203125,16815.38671875,16757.9765625,10924354698,1401,9,27,2
16904.52734375,16755.912109375,16916.80078125,16817.53515625,14882945045,1401,9,30,5
16847.505859375,16755.25390625,16860.5546875,16841.986328125,11656379938,1401,10,4,2
16716.400390625,16497.556640625,16768.169921875,16552.572265625,17005713920,1401,10,7,5
16547.9140625,16521.234375,16630.439453125,16625.080078125,9244361700,1401,10,11,2
16680.205078125,16667.763671875,16964.5859375,16863.23828125,18421743322,1401,10,14,5
16954.146484375,16924.05078125,17091.14453125,17091.14453125,9768827914,1401,10,18,2
17446.359375,17337.994140625,17934.896484375,17934.896484375,18372283782,1401,10,21,5
20977.484375,20606.986328125,20993.748046875,20880.798828125,19298407543,1401,10,25,2
21161.05078125,20541.544921875,21564.501953125,20688.78125,30005625418,1401,10,28,5
22777.986328125,22387.900390625,23056.73046875,22720.416015625,24746386230,1401,11,2,2
22639.267578125,22406.076171875,23722.099609375,23117.859375,30685366709,1401,11,5,5
23031.44921875,22985.0703125,23919.890625,23774.56640625,27423687259,1401,11,9,2
23137.8359375,22877.75,23764.5390625,23723.76953125,26683255504,1401,11,12,5
23332.248046875,22841.759765625,23423.435546875,22955.666015625,19564262605,1401,11,16,2
23263.416015625,22731.09765625,23367.958984375,22939.3984375,25371367758,1401,11,19,5
21870.90234375,21682.828125,22060.994140625,21788.203125,17821046406,1401,11,23,2
22220.5859375,22082.76953125,24307.841796875,24307.841796875,32483312909,1401,11,26,5
24640.02734375,24327.642578125,25093.0546875,24327.642578125,25555105670,1401,11,30,2
24437.41796875,23644.318359375,24472.33984375,24188.84375,30199996781,1401,12,3,5
23174.150390625,23084.220703125,23654.3671875,23561.212890625,16644534842,1401,12,7,2
23150.9296875,23088.626953125,23880.6328125,23646.55078125,24662841200,1401,12,10,5
22354.14453125,22307.142578125,22613.685546875,22435.513671875,13317001733,1401,12,14,2
22216.44140625,21708.05078125,22268.896484375,21718.080078125,22536575684,1401,12,17,5
20628.029296875,20448.806640625,22185.03125,22163.94921875,29279035521,1401,12,21,2
24770.92578125,23964.91015625,25240.615234375,24375.9609375,43655701450,1401,12,24,5
26969.50390625,26907.716796875,28440.560546875,28038.67578125,37769448859,1401,12,28,2
28158.720703125,26759.99609375,28803.3359375,27307.4375,33382021890,1402,1,2,5
27495.5234375,27445.046875,28178.14453125,27994.330078125,13878363192,1402,1,6,2
27267.03125,27259.662109375,28619.54296875,28348.44140625,20684945906,1402,1,9,5
28462.845703125,27884.087890625,28518.958984375,28199.30859375,12284641999,1402,1,13,2
28169.7265625,27843.763671875,28739.23828125,28177.984375,17052315986,1402,1,16,5
27952.3671875,27828.48046875,28532.830078125,28333.05078125,12175322951,1402,1,20,2
30231.58203125,29725.57421875,30462.48046875,30139.052734375,18651929926,1402,1,23,5
30315.9765625,30157.83203125,30555.537109375,30315.35546875,12854816417,1402,1,27,2
30394.1875,28669.8984375,30411.0546875,28822.6796875,24571565421,1402,1,30,5
27816.14453125,27400.314453125,27820.244140625,27591.384765625,12785446832,1402,2,3,2
28300.05859375,27324.548828125,29995.837890625,28422.701171875,31854242019,1402,2,6,5
29245.515625,29114.021484375,29952.029296875,29268.806640625,14652199272,1402,2,10,2
28680.494140625,28178.388671875,29259.533203125,29006.30859375,19122972518,1402,2,13,5
28901.623046875,28441.3671875,29157.517578125,28454.978515625,11301355486,1402,2,17,2
27654.63671875,26883.669921875,28322.6875,27621.755859375,20656025026,1402,2,20,5
26788.974609375,26661.35546875,27150.9765625,26930.638671875,10014858959,1402,2,24,2
27035.470703125,26600.14453125,27465.927734375,27398.802734375,15140006925,1402,2,27,5
27118.423828125,26706.921875,27265.91796875,26753.826171875,8647416921,1402,2,31,2
27224.603515625,26106.576171875,27224.603515625,26334.818359375,16299104428,1402,3,3,5
26871.158203125,26802.751953125,28193.44921875,28085.646484375,14545229578,1402,3,7,2
27700.529296875,26866.453125,27831.677734375,27219.658203125,15656371534,1402,3,10,5
27075.123046875,26968.224609375,27407.01953125,27119.06640625,9360912318,1402,3,14,2
27235.650390625,26146.98828125,27332.181640625,26345.998046875,19530045082,1402,3,17,5
25854.03125,25668.986328125,26203.439453125,25940.16796875,10732609603,1402,3,21,2
25920.2578125,24902.15234375,26041.80078125,25124.67578125,14265717766,1402,3,24,5
26510.45703125,26325.890625,26675.92578125,26336.212890625,9565695129,1402,3,28,2
28311.310546875,28283.41015625,30737.330078125,30027.296875,33346760979,1402,3,31,5
30545.150390625,30327.943359375,31041.271484375,30480.26171875,12703464114,1402,4,4,2
30696.560546875,29921.822265625,30703.279296875,30086.24609375,14571500779,1402,4,7,5
30587.26953125,30264.01953125,30766.140625,30620.76953125,10533418042,1402,4,11,2
30778.724609375,30225.61328125,30877.330078125,30514.166015625,12481622280,1402,4,14,5
30291.611328125,30085.591796875,30427.58984375,30171.234375,7903327692,1402,4,18,2
30622.24609375,30228.8359375,30959.96484375,30391.646484375,14805659717,1402,4,21,5
30297.47265625,30089.669921875,30437.560546875,30249.1328125,8516564470,1402,4,25,2
29862.046875,29794.26953125,30184.181640625,29913.923828125,12128602812,1402,4,28,5
29790.111328125,29741.52734375,30330.640625,30084.5390625,9220145050,1402,5,1,2
29225.759765625,29113.912109375,29675.552734375,29354.97265625,13497554655,1402,5,4,5
29357.09375,29059.501953125,29443.169921875,29275.30859375,8678454527,1402,5,8,2
29704.146484375,28946.509765625,29987.998046875,29151.958984375,19212655598,1402,5,11,5
29043.701171875,28963.833984375,29160.822265625,29041.85546875,7269806994,1402,5,15,2
29766.6953125,29376.80078125,30093.435546875,29561.494140625,18379521213,1402,5,18,5
29416.59375,29265.806640625,29441.43359375,29282.9140625,7329897180,1402,5,22,2
29169.07421875,28701.779296875,29221.9765625,28701.779296875,14949271904,1402,5,25,5
26096.861328125,26004.314453125,26260.681640625,26189.583984375,9036580420,1402,5,29,2
26040.474609375,25804.998046875,26786.8984375,26431.640625,16985265785,1402,6,1,5
26008.2421875,25965.09765625,26165.373046875,26089.693359375,6913768611,1402,6,5,2
27726.083984375,27069.20703125,27760.16015625,27297.265625,16343655235,1402,6,8,5
25869.47265625,25817.03125,26087.1484375,25969.56640625,8962524523,1402,6,12,2
25783.931640625,25404.359375,25953.015625,25753.236328125,12752705327,1402,6,15,5
25895.2109375,25640.26171875,25978.130859375,25832.2265625,7899553047,1402,6,19,2
25837.5546875,25781.123046875,26376.11328125,26228.32421875,13072077070,1402,6,22,5
26567.927734375,26445.07421875,26617.998046875,26534.1875,6774210670,1402,6,26,2
27210.228515625,26864.08203125,27379.505859375,27132.0078125,13281116604,1402,6,29,5
26579.373046875,26221.05078125,26716.05859375,26256.826171875,8192867686,1402,7,2,2
26209.498046875,26111.46484375,26817.841796875,26352.716796875,11718380997,1402,7,5,5
26967.396484375,26965.09375,28047.23828125,27983.75,9503917434,1402,7,9,2
27429.07421875,27248.10546875,27826.658203125,27799.39453125,11143355314,1402,7,12,5
27971.677734375,27740.662109375,28102.169921875,27935.08984375,7916875290,1402,7,16,2
27392.076171875,26561.099609375,27474.115234375,26873.3203125,13648094333,1402,7,19,5
26858.01171875,26817.89453125,27289.169921875,27159.65234375,7098201980,1402,7,23,2
28413.53125,28174.251953125,28889.009765625,28328.341796875,12724128586,1402,7,26,5
29918.654296875,29720.3125,30199.43359375,29993.896484375,10446520040,1402,7,30,2
33916.04296875,33709.109375,35133.7578125,34502.8203125,25254318008,1402,8,3,5
34089.37109375,33947.56640625,34743.26171875,34538.48046875,11160323986,1402,8,7,2
34657.2734375,34170.69140625,35527.9296875,35437.25390625,22446272005,1402,8,10,5
35090.01171875,34594.2421875,35340.33984375,35049.35546875,12412743996,1402,8,14,2
35419.4765625,35147.80078125,35994.41796875,35655.27734375,17295394918,1402,8,17,5
37133.9921875,36779.1171875,37227.69140625,37054.51953125,11545715999,1402,8,21,2
35548.11328125,35383.78125,37964.89453125,37880.58203125,27365821679,1402,8,24,5
36585.765625,36414.59765625,37509.35546875,37386.546875,12915986553,1402,8,28,2
35756.5546875,35670.97265625,37856.98046875,37432.33984375,24397247860,1402,9,1,5
37796.828125,37162.75,37820.30078125,37479.12109375,13744796068,1402,9,5,2
37826.10546875,37612.6328125,38366.11328125,37858.4921875,20728546658,1402,9,8,5
39472.20703125,39298.1640625,40135.60546875,39978.390625,15769696322,1402,9,12,2
44080.0234375,43478.08203125,44265.76953125,43746.4453125,29909761586,1402,9,15,5
43728.3828125,43593.28515625,44034.625,43779.69921875,13000481418,1402,9,19,2
41468.46484375,40676.8671875,43429.78125,42890.7421875,26797884674,1402,9,22,5
42236.109375,41274.54296875,42359.49609375,41364.6640625,16678702876,1402,9,26,2
42261.30078125,42223.81640625,44275.5859375,43652.25,27868908174,1402,9,29,5
43728.3671875,42786.91796875,43945.5234375,43016.1171875,18830554085,1402,10,3,2
42518.46875,42167.58203125,43683.16015625,43442.85546875,25260941032,1402,10,6,5
42152.09765625,41998.25390625,42860.9375,42265.1875,16397498810,1402,10,10,2
44961.6015625,40813.53515625,45503.2421875,42848.17578125,46342323118,1402,10,13,5
43998.46484375,43662.23046875,44495.5703125,43943.09765625,19330573863,1402,10,17,2
46121.5390625,44483.15234375,47647.22265625,46627.77734375,50114613298,1402,10,20,5
42842.26171875,41724.61328125,43065.59765625,41796.26953125,17521429522,1402,10,24,2
43132.1015625,42189.30859375,43189.890625,42742.65234375,20851232595,1402,10,27,5
41671.48828125,41497.0078125,41855.3671875,41545.78515625,9344043642,1402,11,1,2
39877.59375,39508.796875,40483.78515625,40077.07421875,22359526178,1402,11,4,5
42126.125,41696.91015625,42797.17578125,42035.59375,16858971687,1402,11,8,2
42946.25,42298.9453125,43717.40625,42582.60546875,24673628793,1402,11,11,5
42994.94140625,42374.83203125,43097.64453125,42583.58203125,14802225490,1402,11,15,2
43090.01953125,42775.95703125,44341.94921875,44318.22265625,21126587775,1402,11,18,5
47768.96875,47617.40625,48535.9375,48293.91796875,19315867136,1402,11,22,2
49733.4453125,49296.83203125,52021.37109375,51826.6953125,39105608050,1402,11,25,5
51661.96875,51233.70703125,52356.96484375,52122.546875,17595377311,1402,11,29,2
52273.53515625,50671.7578125,52368.81640625,51839.1796875,28624907020,1402,12,2,5
51565.21484375,51306.171875,51950.02734375,51733.23828125,15413239245,1402,12,6,2
57071.09765625,56738.42578125,63913.1328125,62504.7890625,83239156760,1402,12,9,5
62031.578125,61435.0234375,63230.2109375,63167.37109375,26253811450,1402,12,13,2
63776.05078125,62848.671875,67637.9296875,66106.8046875,68750229073,1402,12,16,5
68500.2578125,68239.9765625,70005.203125,69019.7890625,35683977532,1402,12,20,2
71482.1171875,71334.09375,73637.4765625,73083.5,48212536929,1402,12,23,5
65316.34375,64545.31640625,68845.71875,68390.625,44716864318,1402,12,27,2
61930.15625,60807.78515625,68115.2578125,67913.671875,66792634382,1403,1,1,5
64070.75390625,63825.8515625,67622.7578125,67234.171875,27206630673,1403,1,5,2
69991.8984375,68381.9296875,71727.6875,69455.34375,40827113309,1403,1,8,5
69647.78125,69624.8671875,71377.78125,71333.6484375,20050941373,1403,1,12,2
65446.671875,64559.8984375,66914.3203125,65980.8125,34488018367,1403,1,15,5
68897.109375,68851.6328125,70284.4296875,69362.5546875,21204930369,1403,1,19,2
69140.2421875,67503.5625,71093.4296875,70587.8828125,38318601774,1403,1,22,5
63836.23046875,62205.8515625,65824.4296875,65738.7265625,49084320047,1403,1,26,2
63831.84765625,59768.5859375,64486.36328125,61276.69140625,41915247049,1403,1,29,5
64992.81640625,64277.72265625,65723.2421875,64926.64453125,20506644853,1403,2,2,2
66408.71875,63589.87109375,67075.3671875,64276.8984375,30276655120,1403,2,5,5
63423.515625,62793.59765625,64321.484375,63113.23046875,17334827993,1403,2,9,2
60609.49609375,56555.29296875,60780.5,58254.01171875,48439780271,1403,2,12,5
63892.453125,62955.3046875,64610.890625,64031.1328125,18296164805,1403,2,16,2
62332.640625,60877.12890625,62986.0859375,61187.94140625,26088172222,1403,2,19,5
60793.50390625,60632.6015625,61818.15625,61448.39453125,13800459405,1403,2,23,2
61553.98828125,61330.41015625,66454.453125,66267.4921875,39815167074,1403,2,26,5
66937.9296875,65937.1796875,67694.296875,66278.3671875,19249094538,1403,2,30,2
70135.3203125,68977.6953125,70623.6953125,69122.3359375,32802561717,1403,3,2,5
69264.2890625,68183.890625,69506.2265625,68518.09375,15628433737,1403,3,6,2
68296.3515625,67101.4921875,68852.4609375,67578.09375,26707072906,1403,3,9,5
67710.2734375,67315.5234375,68409.1640625,67751.6015625,17110588415,1403,3,13,2
70568.3515625,70390.7109375,71735.4140625,71082.8203125,32810771409,1403,3,16,5
69297.4921875,69160.84375,69817.5234375,69647.9921875,13534028500,1403,3,20,2
67321.375,66902.453125,69977.890625,68241.1875,34497940694,1403,3,23,5
66189.359375,66018.25,66894.84375,66639.046875,13281140541,1403,3,27,2
65146.66015625,64693.30078125,65695.3515625,64960.296875,21103423504,1403,3,30,5
64248.96484375,63180.796875,64491.703125,63180.796875,11170471802,1403,4,3,2
61789.67578125,60695.1875,62434.13671875,60811.27734375,22506003064,1403,4,6,5
60888.4453125,60632.94921875,62892.828125,62678.29296875,17333226409,1403,4,10,2
62034.33203125,59419.38671875,62187.703125,60173.921875,29756701685,1403,4,13,5
58239.4296875,55793.32421875,58371.12109375,55849.109375,20553359505,1403,4,17,2
58033.8828125,57178.4140625,59359.43359375,57742.49609375,26175260526,1403,4,20,5
59225.25,59225.25,61329.52734375,60787.79296875,22223416061,1403,4,24,2
65091.83203125,63896.0859375,66066.734375,64118.79296875,32525071311,1403,4,27,5
67164.9140625,65842.296875,68372.90625,68154.5234375,26652190004,1403,4,31,2
65927.859375,65146.99609375,67113.984375,65372.1328125,27470942309,1403,5,3,5
67808.65625,67085.828125,68301.8515625,68255.8671875,18043166945,1403,5,7,2
66201.2734375,64532.046875,66810.2109375,64619.25,31292785994,1403,5,10,5
60676.09375,57210.8046875,61062.98828125,58116.9765625,31758917219,1403,5,14,2
56040.6328125,54620.5078125,57726.8828125,55027.4609375,41637562185,1403,5,17,5
60944.890625,58348.82421875,61778.66015625,58719.484375,22759754812,1403,5,21,2
60611.05078125,58472.875,61687.7578125,58737.26953125,29961696180,1403,5,24,5
59468.1328125,58445.40234375,60262.71875,58483.96484375,17740625837,1403,5,28,2
59014.98828125,58823.4453125,61834.3515625,61175.19140625,32731154072,1403,5,31,5
64176.3671875,63833.51953125,64996.421875,64333.54296875,18827683555,1403,6,4,2
59507.92578125,57890.67578125,60236.44921875,59027.625,40289564698,1403,6,7,5
58969.80078125,57217.82421875,59062.0703125,57325.48828125,24592449997,1403,6,11,2
57430.34765625,55673.1640625,58511.5703125,57971.5390625,35627680312,1403,6,14,5
54147.93359375,53653.7578125,55300.859375,54841.56640625,18268287531,1403,6,18,2
57650.2890625,55567.33984375,57991.3203125,57343.171875,37049062672,1403,6,21,5
60000.7265625,58696.30859375,60381.91796875,59182.8359375,18120960867,1403,6,25,2
60309.0,59218.25390625,61664.06640625,61649.6796875,40990702891,1403,6,28,5
63396.8046875,62440.7265625,63993.421875,63648.7109375,20183348802,1403,7,1,2
64302.58984375,62945.375,64804.50390625,63143.14453125,25078377700,1403,7,4,5
65888.8984375,65450.015625,66069.34375,65635.3046875,14788214575,1403,7,8,2
60836.32421875,59996.94921875,62357.6875,60632.78515625,40762722398,1403,7,11,5
62084.98828125,61833.1484375,62959.5703125,62818.953125,14776233667,1403,7,15,2
62131.7265625,60314.61328125,62508.8359375,60582.1015625,27670982363,1403,7,18,5
63192.9453125,62035.63671875,63272.65234375,62851.375,18177529690,1403,7,22,2
67042.4609375,66758.7265625,68375.2890625,67612.71875,38195189534,1403,7,25,5
68364.1796875,68105.71875,69359.0078125,69001.703125,18975847518,1403,7,29,2
67362.375,65188.03515625,67402.7421875,66432.1953125,32263980353,1403,8,2,5
67023.4765625,66847.2265625,68221.3125,67929.296875,16721307878,1403,8,6,2
72715.3671875,71411.734375,72905.296875,72339.5390625,40646637831,1403,8,9,5
69296.3828125,67482.5234375,69361.65625,68741.1171875,34868307655,1403,8,13,2
69358.5,69322.03125,76460.15625,75639.078125,118592653963,1403,8,16,5
76775.546875,76565.4296875,81474.421875,80474.1875,82570594495,1403,8,20,2
87929.96875,86256.9296875,93434.3515625,90584.1640625,123559027869,1403,8,23,5
90558.4609375,88741.6640625,91433.0390625,89845.8515625,46350159305,1403,8,27,2
92341.890625,91619.5,94902.0234375,94339.4921875,71730956426,1403,8,30,5
97778.09375,95788.078125,98647.1796875,98013.8203125,51712020623,1403,9,4,2
91978.140625,91778.6640625,97361.1796875,95962.53125,71133452438,1403,9,7,5
96461.3359375,95770.1875,97888.125,97279.7890625,36590695296,1403,9,11,2
95988.53125,94660.5234375,99207.328125,98768.53125,77199817112,1403,9,14,5
99921.9140625,98771.515625,101399.9921875,101236.015625,44125751925,1403,9,18,2
96656.0625,95747.2265625,101913.359375,101173.03125,85391409936,1403,9,21,5
101373.53125,101227.03125,105047.5390625,104298.6953125,51145914137,1403,9,25,2
106147.296875,100041.5390625,106470.609375,100041.5390625,93865656139,1403,9,28,5
97218.3203125,94202.1875,97360.265625,95104.9375,43147981314,1403,10,2,2
98675.9140625,97593.46875,99478.75,99299.1953125,33700394629,1403,10,5,5
95174.0546875,92881.7890625,95174.875,93530.2265625,29635885267,1403,10,9,2
93425.1015625,92788.125,94929.8671875,94419.7578125,24519888919,1403,10,12,5
98233.90625,97291.765625,98813.3046875,98314.9609375,20525254825,1403,10,16,2
96924.1640625,92525.84375,97258.3203125,95043.5234375,63875859171,1403,10,19,5
94565.7265625,93712.5078125,95367.5390625,94488.4375,20885130965,1403,10,23,2
96534.046875,96501.640625,100697.234375,100504.4921875,57805923627,1403,10,26,5
104411.2890625,99570.53125,106299.796875,101089.609375,76789928525,1403,10,30,2
106136.3828125,103360.265625,106294.34375,103653.0703125,53878181052,1403,11,3,5
104713.2109375,102507.7109375,105438.6484375,102682.5,22543395879,1403,11,7,2
101317.5234375,101283.8203125,104750.8046875,103703.2109375,47432049818,1403,11,10,5
100661.5390625,96216.078125,101430.6640625,97688.9765625,63091816853,1403,11,14,2
97878.0078125,96174.828125,99113.2109375,96615.4453125,49125911241,1403,11,17,5
96481.3125,94745.2578125,97325.28125,96500.09375,27732901800,1403,11,21,2
95745.6953125,94101.203125,98151.0234375,97885.859375,49340445530,1403,11,24,5
97580.4921875,96060.9765625,97725.59375,96175.03125,16536755396,1403,11,28,2
95532.53125,95011.96875,96855.59375,96635.609375,28990872862,1403,12,1,5
96577.8046875,95270.453125,96671.875,96273.921875,16999478976,1403,12,5,2
88638.890625,82131.8984375,89286.25,84347.0234375,64597492134,1403,12,8,5
86036.2578125,85040.2109375,95043.4375,94248.3515625,58398341092,1403,12,12,2
87222.953125,86379.7734375,90998.2421875,90623.5625,50498988027,1403,12,15,5
86154.3046875,80052.484375,86471.1328125,80601.0390625,30899345977,1403,12,19,2
